{
  "backend/drizzle.config.ts": 1776075791.6759677,
  "backend/test/app.e2e-spec.ts": 1774081758.9171512,
  "backend/docs/nestjs-decorators-reference.ts": 1774081758.9022167,
  "backend/src/main.ts": 1776070194.8675737,
  "backend/src/app.service.ts": 1774081758.9054203,
  "backend/src/app.module.ts": 1776073264.910174,
  "backend/src/app.controller.spec.ts": 1774081758.9044132,
  "backend/src/app.controller.ts": 1774217947.6223657,
  "backend/src/database/database.service.ts": 1774261323.5289292,
  "backend/src/database/database.types.ts": 1774081758.9122777,
  "backend/src/database/drizzle.provider.ts": 1774261323.5294516,
  "backend/src/database/database.module.ts": 1774261323.5260043,
  "backend/src/database/schema/subscription-history.ts": 1776070194.8528183,
  "backend/src/database/schema/profiles.ts": 1774292811.2025082,
  "backend/src/database/schema/family-invitations.ts": 1774292811.1991417,
  "backend/src/database/schema/sleep.ts": 1776070194.8526347,
  "backend/src/database/schema/family-members.ts": 1774292811.199536,
  "backend/src/database/schema/weight.ts": 1776070194.8531945,
  "backend/src/database/schema/families.ts": 1774292811.1986382,
  "backend/src/database/schema/user-types.ts": 1774261323.5314615,
  "backend/src/database/schema/subscriptions.ts": 1776070194.8530157,
  "backend/src/database/schema/relations.ts": 1776070194.8524635,
  "backend/src/database/schema/index.ts": 1776070194.8520844,
  "backend/src/database/schema/children.ts": 1775647707.8737414,
  "backend/src/database/schema/sessions.ts": 1774261323.5310576,
  "backend/src/types/express/index.d.ts": 1774081758.9167867,
  "backend/src/gemini/gemini.module.ts": 1775681460.3808832,
  "backend/src/gemini/gemini.provider.ts": 1775681460.3812783,
  "backend/src/config/env.validation.ts": 1776072973.2626555,
  "backend/src/common/common.module.ts": 1776070194.8487847,
  "backend/src/common/filters/all-exceptions.filter.ts": 1776070194.8490884,
  "backend/src/common/middleware/csrf.middleware.ts": 1776070194.8506362,
  "backend/src/common/middleware/helmet.middleware.ts": 1774081758.9079263,
  "backend/src/common/middleware/ai-blocker.middleware.ts": 1774081758.9076626,
  "backend/src/common/middleware/rate-limiter.middleware.ts": 1776070194.8509195,
  "backend/src/common/middleware/index.ts": 1774081758.908136,
  "backend/src/common/decorators/current-user.decorator.ts": 1774081758.9057448,
  "backend/src/common/decorators/family-role.decorator.ts": 1774292811.1973135,
  "backend/src/common/decorators/admin.decorator.ts": 1774292811.1966329,
  "backend/src/common/decorators/public.decorator.ts": 1774081758.905878,
  "backend/src/common/services/family-membership.service.ts": 1776070194.8513768,
  "backend/src/common/guards/child-access.guard.ts": 1776070194.8497045,
  "backend/src/common/guards/weight-access.guard.ts": 1776070194.850479,
  "backend/src/common/guards/backend-auth.guard.ts": 1776070194.8494246,
  "backend/src/common/guards/family-role.guard.ts": 1776070194.8501077,
  "backend/src/common/guards/sleep-access.guard.ts": 1776070194.8503299,
  "backend/src/common/guards/admin.guard.ts": 1774292811.1976023,
  "backend/src/common/interfaces/auth-provider.interface.ts": 1774081758.9066017,
  "backend/src/common/interfaces/backend-jwt-payload.interface.ts": 1774081758.907429,
  "backend/src/entities/weight/weight.controller.ts": 1776070194.8669865,
  "backend/src/entities/weight/child-weight.controller.ts": 1776070194.8659387,
  "backend/src/entities/weight/weight.service.ts": 1776070194.8672934,
  "backend/src/entities/weight/weight.module.ts": 1776070194.8671336,
  "backend/src/entities/weight/dto/create-weight.dto.ts": 1776070194.866205,
  "backend/src/entities/weight/dto/update-weight.dto.ts": 1776070194.866356,
  "backend/src/entities/weight/interfaces/weight.interface.ts": 1776070194.8668134,
  "backend/src/entities/ai-coach/ai-coach.controller.ts": 1776070194.8535895,
  "backend/src/entities/ai-coach/ai-coach.module.ts": 1776070194.85391,
  "backend/src/entities/ai-coach/ai-coach.service.ts": 1776070194.8542805,
  "backend/src/entities/ai-coach/dto/chat.dto.ts": 1776070194.8548334,
  "backend/src/entities/ai-coach/interfaces/ai-coach.interface.ts": 1775681460.3778121,
  "backend/src/entities/growth-data/growth-data.controller.ts": 1775647707.893019,
  "backend/src/entities/growth-data/who-weight-for-age.ts": 1776070194.8626237,
  "backend/src/entities/growth-data/growth-data.module.ts": 1775647707.8934333,
  "backend/src/entities/auth/auth.controller.ts": 1776070194.8554368,
  "backend/src/entities/auth/auth.service.ts": 1776070194.8563995,
  "backend/src/entities/auth/auth.module.ts": 1774081758.9142194,
  "backend/src/entities/auth/dto/oauth-callback.dto.ts": 1776070194.8567038,
  "backend/src/entities/auth/dto/sign-up.dto.ts": 1776070194.8581607,
  "backend/src/entities/auth/dto/sign-in.dto.ts": 1776070194.8577852,
  "backend/src/entities/auth/dto/oauth-url.dto.ts": 1776070194.8571067,
  "backend/src/entities/auth/providers/supabase-auth.provider.ts": 1774219564.7097578,
  "backend/src/entities/auth/interfaces/session.interface.ts": 1774081758.9156833,
  "backend/src/entities/sleep/sleep.service.ts": 1776070194.8648598,
  "backend/src/entities/sleep/sleep.controller.ts": 1776070194.8645124,
  "backend/src/entities/sleep/child-sleep.controller.ts": 1776070194.8634534,
  "backend/src/entities/sleep/sleep.module.ts": 1776070194.8646953,
  "backend/src/entities/sleep/dto/update-sleep.dto.ts": 1776070194.864079,
  "backend/src/entities/sleep/dto/create-sleep.dto.ts": 1776070194.8638182,
  "backend/src/entities/sleep/interfaces/sleep.interface.ts": 1776070194.8643491,
  "backend/src/entities/health/health.module.ts": 1776070194.8631153,
  "backend/src/entities/health/health.controller.ts": 1776070194.86297,
  "backend/src/entities/subscriptions/subscriptions.controller.ts": 1776070194.8653452,
  "backend/src/entities/subscriptions/subscriptions.service.ts": 1776070194.8656654,
  "backend/src/entities/subscriptions/subscription-event.handler.ts": 1776070194.865164,
  "backend/src/entities/subscriptions/subscriptions.module.ts": 1776070194.8655188,
  "backend/src/entities/children/children.controller.ts": 1776070194.8585079,
  "backend/src/entities/children/children.service.ts": 1776070194.8588803,
  "backend/src/entities/children/children.module.ts": 1776070194.8586938,
  "backend/src/entities/children/family-children.controller.ts": 1776070194.8597643,
  "backend/src/entities/children/dto/create-child.dto.ts": 1776070194.8592393,
  "backend/src/entities/children/dto/update-child.dto.ts": 1776070194.8594499,
  "backend/src/entities/children/interfaces/child.interface.ts": 1776070194.8603013,
  "backend/src/entities/families/families.service.ts": 1776070194.8623247,
  "backend/src/entities/families/families.controller.ts": 1776070194.8616319,
  "backend/src/entities/families/families.module.ts": 1776070194.8619988,
  "backend/src/entities/families/dto/create-family.dto.ts": 1776070194.86097,
  "backend/src/entities/families/dto/create-invitation.dto.ts": 1774292811.204502,
  "backend/src/entities/families/dto/update-member-role.dto.ts": 1774292811.2055147,
  "backend/src/entities/families/dto/update-family.dto.ts": 1776070194.8612587,
  "backend/src/entities/families/dto/accept-invitation.dto.ts": 1776070194.8606894,
  "backend/src/entities/families/interfaces/family.interface.ts": 1774292811.2107158,
  "backend/PROJECT_RULES.md": 1774081758.900326,
  "backend/CONTEXT.md": 1774081758.9001372,
  "backend/README.md": 1774081758.9008155,
  "backend/CLAUDE.md": 1776070194.8408513,
  "backend/plans/b2b-firms.md": 1776070194.8471994,
  "backend/plans/fix-session-refresh-logout.md": 1775647707.8717425,
  "backend/plans/security-hardening.md": 1776070194.8481514,
  "backend/plans/revenuecat-webhook-module.md": 1776070194.8478997,
  "backend/plans/refactor-children-sleep-weight.md": 1776070194.8476112,
  "backend/docs/dockerfile-prod-explained.md": 1776070194.8431456,